{
  "sprites": [ 
    {
      "name": "daughter-idle-east-00.sprite",
      "source": {
        "x": 14,
        "y": 5,
        "width": 64,
        "height": 64
      },
      "frame": {
        "x": 338,
        "y": 0,
        "width": 31,
        "height": 56
      }
    },
    {
      "name": "daughter-idle-north-00.sprite",
      "source": {
        "x": 14,
        "y": 5,
        "width": 64,
        "height": 64
      },
      "frame": {
        "x": 136,
        "y": 0,
        "width": 36,
        "height": 56
      }
    },
    {
      "name": "daughter-idle-south-00.sprite",
      "source": {
        "x": 14,
        "y": 5,
        "width": 64,
        "height": 64
      },
      "frame": {
        "x": 172,
        "y": 0,
        "width": 36,
        "height": 56
      }
    },
    {
      "name": "daughter-idle-west-00.sprite",
      "source": {
        "x": 19,
        "y": 5,
        "width": 64,
        "height": 64
      },
      "frame": {
        "x": 369,
        "y": 0,
        "width": 31,
        "height": 56
      }
    },
    {
      "name": "daughter-move-east-00.sprite",
      "source": {
        "x": 12,
        "y": 4,
        "width": 64,
        "height": 64
      },
      "frame": {
        "x": 462,
        "y": 0,
        "width": 38,
        "height": 54
      }
    },
    {
      "name": "daughter-move-east-01.sprite",
      "source": {
        "x": 12,
        "y": 5,
        "width": 64,
        "height": 64
      },
      "frame": {
        "x": 574,
        "y": 0,
        "width": 35,
        "height": 53
      }
    },
    {
      "name": "daughter-move-east-02.sprite",
      "source": {
        "x": 13,
        "y": 4,
        "width": 64,
        "height": 64
      },
      "frame": {
        "x": 0,
        "y": 0,
        "width": 36,
        "height": 57
      }
    },
    {
      "name": "daughter-move-east-03.sprite",
      "source": {
        "x": 14,
        "y": 5,
        "width": 64,
        "height": 64
      },
      "frame": {
        "x": 400,
        "y": 0,
        "width": 31,
        "height": 56
      }
    },
    {
      "name": "daughter-move-north-00.sprite",
      "source": {
        "x": 12,
        "y": 4,
        "width": 64,
        "height": 64
      },
      "frame": {
        "x": 644,
        "y": 0,
        "width": 36,
        "height": 52
      }
    },
    {
      "name": "daughter-move-north-01.sprite",
      "source": {
        "x": 16,
        "y": 5,
        "width": 64,
        "height": 64
      },
      "frame": {
        "x": 242,
        "y": 0,
        "width": 32,
        "height": 56
      }
    },
    {
      "name": "daughter-move-north-02.sprite",
      "source": {
        "x": 16,
        "y": 4,
        "width": 64,
        "height": 64
      },
      "frame": {
        "x": 538,
        "y": 0,
        "width": 36,
        "height": 53
      }
    },
    {
      "name": "daughter-move-north-03.sprite",
      "source": {
        "x": 16,
        "y": 5,
        "width": 64,
        "height": 64
      },
      "frame": {
        "x": 274,
        "y": 0,
        "width": 32,
        "height": 56
      }
    },
    {
      "name": "daughter-move-south-00.sprite",
      "source": {
        "x": 16,
        "y": 4,
        "width": 64,
        "height": 64
      },
      "frame": {
        "x": 72,
        "y": 0,
        "width": 32,
        "height": 57
      }
    },
    {
      "name": "daughter-move-south-01.sprite",
      "source": {
        "x": 16,
        "y": 5,
        "width": 64,
        "height": 64
      },
      "frame": {
        "x": 306,
        "y": 0,
        "width": 32,
        "height": 56
      }
    },
    {
      "name": "daughter-move-south-02.sprite",
      "source": {
        "x": 16,
        "y": 4,
        "width": 64,
        "height": 64
      },
      "frame": {
        "x": 104,
        "y": 0,
        "width": 32,
        "height": 57
      }
    },
    {
      "name": "daughter-move-south-03.sprite",
      "source": {
        "x": 15,
        "y": 5,
        "width": 64,
        "height": 64
      },
      "frame": {
        "x": 208,
        "y": 0,
        "width": 34,
        "height": 56
      }
    },
    {
      "name": "daughter-move-west-00.sprite",
      "source": {
        "x": 14,
        "y": 4,
        "width": 64,
        "height": 64
      },
      "frame": {
        "x": 500,
        "y": 0,
        "width": 38,
        "height": 54
      }
    },
    {
      "name": "daughter-move-west-01.sprite",
      "source": {
        "x": 17,
        "y": 5,
        "width": 64,
        "height": 64
      },
      "frame": {
        "x": 609,
        "y": 0,
        "width": 35,
        "height": 53
      }
    },
    {
      "name": "daughter-move-west-02.sprite",
      "source": {
        "x": 15,
        "y": 4,
        "width": 64,
        "height": 64
      },
      "frame": {
        "x": 36,
        "y": 0,
        "width": 36,
        "height": 57
      }
    },
    {
      "name": "daughter-move-west-03.sprite",
      "source": {
        "x": 19,
        "y": 5,
        "width": 64,
        "height": 64
      },
      "frame": {
        "x": 431,
        "y": 0,
        "width": 31,
        "height": 56
      }
    }
  ]
}